,xgb,rf
all_tf,0.3422143648296224,0.3162591128869384
t20_corr,0.3831079833023481,0.35808005608682136
t20_RF_perm,0.43780742364144976,0.40149038099752565
t20_XGB_perm,0.4735278675602993,0.40310748305826893
