,xgb,rf
all_tf,0.47631889594455057,0.4809165120762947
t20_corr,0.496763242099462,0.4968842803809332
t20_RF_perm,0.4741387052578605,0.47716608845036074
t20_XGB_perm,0.4584628049056114,0.4742775915285489
