,xgb,rf
all_tf,0.4329856834843081,0.4120531446289999
t20_corr,0.386799951652685,0.37458185413086165
t20_RF_perm,0.4668764688914695,0.4168762323857639
t20_XGB_perm,0.4703396783818834,0.4191117474787248
