,xgb,rf
0,0.3422143648296224,0.3162591128869381
1,0.3831079833023481,0.35808005608682114
2,0.4735278675602993,0.4031074830582687
3,0.43780742364144976,0.40149038099752565
