,xgb,rf
all_tf,0.4329856834843081,0.4120531446289998
t20_corr,0.386799951652685,0.37458185413086165
t20_RF_perm,0.4668764688914695,0.41687623238576377
t20_XGB_perm,0.4703396783818834,0.41911174747872515
