,fit_time,score_time,test_adj_rSquared,test_rSquared,test_mae
count,5.0,5.0,5.0,5.0,5.0
mean,1.9477229118347168,0.028566312789916993,0.452348734756593,0.46642717345179624,-0.4871251010941138
std,0.13777520928245252,0.0018564845317092821,0.04703665165941544,0.0458274832362942,0.029830664143569177
min,1.7905113697052002,0.025965452194213867,0.3779642741582524,0.39395490978400427,-0.5312832667470159
25%,1.839566946029663,0.027582406997680664,0.4355959062532494,0.45010500892026095,-0.5032450566869445
50%,1.9577569961547852,0.02888798713684082,0.4698722705954175,0.48350023279090804,-0.47314368773030574
75%,2.0170090198516846,0.029638290405273438,0.48603195064051175,0.4992444968965397,-0.4703995592646764
max,2.133770227432251,0.030757427215576172,0.4922792721355338,0.5053312188672681,-0.4575539350416263
