,fit_time,score_time,test_adj_rSquared,test_rSquared,test_mae
count,5.0,5.0,5.0,5.0,5.0
mean,1.2793003082275392,0.024298858642578126,0.39989520830605474,0.4153220667043566,-0.546693084299955
std,0.0769509585805524,0.0032762244626211414,0.05760194719151855,0.056121177340836846,0.022214839191299168
min,1.2028288841247559,0.02090620994567871,0.3215900209976714,0.3390298662162402,-0.5692336266194499
25%,1.2476277351379395,0.021523714065551758,0.35545214899711575,0.37202150249333377,-0.5616953359530282
50%,1.2566847801208496,0.02364826202392578,0.4352512495878361,0.4497692123233673,-0.554114501387267
75%,1.2823331356048584,0.027542829513549805,0.4366522559569155,0.45113420310455254,-0.5335620522046394
max,1.407027006149292,0.02787327766418457,0.4505303659907349,0.4646555493842892,-0.5148599053353905
