,fit_time,score_time,test_adj_rSquared,test_rSquared,test_mae
count,5.0,5.0,5.0,5.0,5.0
mean,1.8212063312530518,0.0287017822265625,0.4266020368876208,0.4413423444226433,-0.5038852955201563
std,0.08696638647042777,0.0026838058433783546,0.027573354955985663,0.026864528350433348,0.025777117686538353
min,1.7262663841247559,0.025682687759399414,0.38145671970332873,0.39735757523794746,-0.530431940737364
25%,1.7674071788787842,0.027007102966308594,0.4220798109380959,0.4369363710682219,-0.5264373548060749
50%,1.8184728622436523,0.027843952178955078,0.4330101183059285,0.4475856936708146,-0.5078436677192812
75%,1.8383541107177734,0.030955076217651367,0.4465207152206466,0.46074897446947316,-0.4806220312783221
max,1.955531120300293,0.03202009201049805,0.4499428202701041,0.46408310766675953,-0.47409148305973925
