,fit_time,score_time,test_adj_rSquared,test_rSquared,test_mae
count,5.0,5.0,5.0,5.0,5.0
mean,1.8729111671447753,0.028252792358398438,0.4691898067999838,0.4828353130519122,-0.4789844337831576
std,0.09765501176872271,0.0020123042788182575,0.03478038197040512,0.03388628474751555,0.03100544724499854
min,1.7685449123382568,0.025541067123413086,0.4352153748747013,0.4497342598393619,-0.530150253029902
25%,1.7860865592956543,0.027063608169555664,0.4364756173410974,0.4509621053271874,-0.4801501088545626
50%,1.8662316799163818,0.028742074966430664,0.4746210607632497,0.48812694609067253,-0.4724005637989876
75%,1.964982509613037,0.02913069725036621,0.4809971115472943,0.4943390881142019,-0.464365355646317
max,1.9787101745605469,0.030786514282226562,0.5186398694735761,0.5310141658881371,-0.44785588758601846
