,fit_time,score_time,test_adj_rSquared,test_rSquared,test_mae
count,5.0,5.0,5.0,5.0,5.0
mean,5.158519220352173,0.021529531478881835,0.3562501537242455,0.44644132755979465,-0.49356657005209614
std,0.4591420819825465,0.0019916269255028955,0.03532893373564719,0.030379250217413833,0.03369914107489354
min,4.739991188049316,0.01857900619506836,0.30094998974728915,0.398888872931795,-0.5425713935303325
25%,4.775248289108276,0.020929574966430664,0.3418869073420002,0.4340904126115658,-0.5144284416383978
50%,4.9791100025177,0.021831035614013672,0.37219625687074565,0.46015333656366175,-0.47478018943317296
75%,5.5874342918396,0.022307872772216797,0.37916732915452,0.4661477419079356,-0.47294122044685377
max,5.710812330245972,0.024000167846679688,0.3870502855066723,0.4729262737840152,-0.4631116052117234
