,fit_time,score_time,test_adj_rSquared,test_rSquared,test_mae
count,5.0,5.0,5.0,5.0,5.0
mean,1.2270546436309815,0.023648786544799804,0.49060675835773254,0.5037017003022639,-0.4966362064402203
std,0.05020410402068768,0.002550791705323486,0.05128113399217014,0.04996285291267991,0.02379695100650977
min,1.1815857887268066,0.021610021591186523,0.4173545823264003,0.4323326136290635,-0.5357600592643428
25%,1.196180820465088,0.021712779998779297,0.4655743977654373,0.47931284512365224,-0.5015413272324554
50%,1.219087839126587,0.02224898338317871,0.5010520756341275,0.5138785004250239,-0.4880226201488601
75%,1.2277143001556396,0.02540898323059082,0.5177998985417419,0.5301957880393835,-0.481064483347087
max,1.3107044696807861,0.027263164520263672,0.5512528375209556,0.5627887542941957,-0.4767925422083562
