,fit_time,score_time,test_adj_rSquared,test_rSquared,test_mae
count,5.0,5.0,5.0,5.0,5.0
mean,1.119442081451416,0.020743179321289062,0.4523487347565931,0.4664271734517963,-0.4871251010941138
std,0.0692062017159602,0.001969532052106428,0.047036651659415334,0.04582748323629413,0.029830664143569385
min,1.0434114933013916,0.018385648727416992,0.37796427415825284,0.3939549097840046,-0.5312832667470162
25%,1.066131353378296,0.01903367042541504,0.4355959062532492,0.45010500892026073,-0.5032450566869444
50%,1.1061577796936035,0.021155834197998047,0.46987227059541803,0.4835002327909085,-0.47314368773030574
75%,1.1810646057128906,0.022263526916503906,0.48603195064051175,0.4992444968965397,-0.4703995592646763
max,1.2004451751708984,0.022877216339111328,0.4922792721355338,0.5053312188672681,-0.45755393504162595
