,fit_time,score_time,test_adj_rSquared,test_rSquared,test_mae
count,5.0,5.0,5.0,5.0,5.0
mean,1.0479435443878173,0.022124671936035158,0.46515946905277455,0.47890858295887284,-0.48380940576866527
std,0.07275961121571335,0.002264979767797022,0.036629247680820834,0.03568762177642957,0.034280126067711976
min,0.9884626865386963,0.01981353759765625,0.4190992979138979,0.4340324779161112,-0.5394909269806712
25%,1.001664161682129,0.020737409591674805,0.4399920556348832,0.45438814674966765,-0.48922252861307225
50%,1.0146663188934326,0.021474361419677734,0.46646211552930184,0.4801777423794483,-0.4732183659807336
75%,1.0688669681549072,0.02299976348876953,0.4910273323137412,0.5041114625884522,-0.4681309343927863
max,1.1660575866699219,0.02559828758239746,0.5092165438720488,0.521833085160685,-0.44898427287606335
