,fit_time,score_time,test_adj_rSquared,test_rSquared,test_mae
count,5.0,5.0,5.0,5.0,5.0
mean,1.0666332244873047,0.021127939224243164,0.4266020368876208,0.4413423444226433,-0.5038852955201564
std,0.04489800790768998,0.0018051456701469694,0.027573354955985445,0.026864528350433133,0.025777117686538398
min,1.0247256755828857,0.0189664363861084,0.3814567197033293,0.397357575237948,-0.5304319407373641
25%,1.038804292678833,0.02020573616027832,0.42207981093809543,0.4369363710682215,-0.5264373548060748
50%,1.0394611358642578,0.020862579345703125,0.4330101183059284,0.44758569367081447,-0.5078436677192814
75%,1.1080634593963623,0.021845102310180664,0.44652071522064674,0.46074897446947327,-0.4806220312783219
max,1.1221115589141846,0.023759841918945312,0.449942820270104,0.4640831076667594,-0.47409148305973925
