,fit_time,score_time,test_adj_rSquared,test_rSquared,test_mae
count,5.0,5.0,5.0,5.0,5.0
mean,6.557082653045654,0.02231631278991699,0.3562501537242454,0.44644132755979465,-0.49356657005209625
std,0.7548223691280185,0.0019460492699055036,0.03532893373564679,0.03037925021741349,0.03369914107489353
min,5.747397422790527,0.0196378231048584,0.3009499897472897,0.3988888729317954,-0.5425713935303325
25%,5.837806224822998,0.021242380142211914,0.34188690734200056,0.4340904126115661,-0.5144284416383982
50%,6.665858745574951,0.022420644760131836,0.37219625687074487,0.4601533365636611,-0.474780189433173
75%,7.060073137283325,0.023861408233642578,0.3791673291545198,0.4661477419079354,-0.4729412204468541
max,7.47427773475647,0.024419307708740234,0.3870502855066722,0.4729262737840151,-0.4631116052117234
