,fit_time,score_time,test_adj_rSquared,test_rSquared,test_mae
count,5.0,5.0,5.0,5.0,5.0
mean,0.11444683074951172,0.009672737121582032,0.4840725388883083,0.4973354556263979,-0.4954331512174444
std,0.0243417794803762,0.010776731515646175,0.058157522463265755,0.05666247047192214,0.021902171750665278
min,0.07769274711608887,0.003480672836303711,0.4153708138834198,0.43039984180415447,-0.5216131278962498
25%,0.10283708572387695,0.003543853759765625,0.45863801597195497,0.47255477648681465,-0.5106741730007679
50%,0.12248778343200684,0.004283905029296875,0.465971291457436,0.4796995358929774,-0.4985423886122321
75%,0.13276219367980957,0.008458137512207031,0.5124778885264158,0.5250105906208524,-0.4732017658146114
max,0.13645434379577637,0.028597116470336914,0.5679046846023148,0.5790125333271909,-0.4731343007633609
