,fit_time,score_time,test_adj_rSquared,test_rSquared,test_mae
count,5.0,5.0,5.0,5.0,5.0
mean,0.7322103977203369,0.015103530883789063,0.4705059821077464,0.5446895912983063,-0.4737659166385395
std,0.205495980987882,0.005873610501547317,0.06242778514791107,0.05368147591767674,0.026972343166157747
min,0.5119156837463379,0.005679607391357422,0.3807071406104876,0.46747182142469956,-0.5113094149622588
25%,0.5533530712127686,0.014054536819458008,0.45602067152552883,0.53223371368969,-0.49277738628145723
50%,0.722588062286377,0.01583719253540039,0.4674658274629274,0.5420753709160648,-0.4613902689558835
75%,0.8878438472747803,0.01972651481628418,0.4963584129812376,0.5669200235018612,-0.4539141252575238
max,0.9853513240814209,0.020219802856445312,0.5519778579585504,0.6147470269592162,-0.4494383877355742
