,fit_time,score_time,test_adj_rSquared,test_rSquared,test_mae
count,5.0,5.0,5.0,5.0,5.0
mean,0.06681032180786133,0.0032645225524902343,0.486898574548007,0.5000888425544849,-0.4779229465297406
std,0.007216914718111236,0.0005759842683160948,0.040678357578410394,0.039632641445289295,0.025028131271735848
min,0.05808687210083008,0.0026853084564208984,0.43877115606094474,0.4531986327688896,-0.5032875416503334
25%,0.06100201606750488,0.0028929710388183594,0.45651030479813226,0.4704817622583345,-0.4951865577792863
50%,0.0674278736114502,0.002974987030029297,0.48363813217689533,0.4969122161826306,-0.4887988770099004
75%,0.07295608520507812,0.0038690567016601562,0.5242566611396011,0.5364865670229018,-0.4538729390732729
max,0.07457876205444336,0.003900289535522461,0.5313166185644618,0.5433650345396684,-0.44846881713591014
