,fit_time,score_time,test_adj_rSquared,test_rSquared,test_mae
count,5.0,5.0,5.0,5.0,5.0
mean,0.12965860366821289,0.004522943496704101,0.3815097673417961,0.39740925918390924,-0.5484396873212309
std,0.015869107739965818,0.0016992845942740249,0.06412596081873038,0.06247747853547256,0.02208117811166895
min,0.10920119285583496,0.0029611587524414062,0.30461969294326063,0.3224957933817372,-0.5812765471064115
25%,0.11811661720275879,0.0034918785095214844,0.31947172667332946,0.3369660267588479,-0.5526209283985448
50%,0.13504528999328613,0.004082918167114258,0.4151761359674765,0.43021016846188576,-0.5465223074792102
75%,0.1369459629058838,0.004763603210449219,0.43146562987761894,0.44608090931521227,-0.5417259525810764
max,0.14898395538330078,0.007315158843994141,0.43681565124729493,0.4512933980018632,-0.520052701040912
