,fit_time,score_time,test_adj_rSquared,test_rSquared,test_mae
count,5.0,5.0,5.0,5.0,5.0
mean,0.12598319053649903,0.0053006172180175785,0.4015126756496719,0.48536244217176155,-0.47267984413856157
std,0.006448082707253986,0.0001024859671363313,0.06262981967217074,0.05385520483378177,0.02716059248512445
min,0.1208035945892334,0.005138874053955078,0.303399833857793,0.40099548695483744,-0.5093627788118346
25%,0.12112140655517578,0.005303859710693359,0.3871605757834057,0.4730211120811034,-0.4833919359831401
50%,0.12379288673400879,0.005313396453857422,0.4153821395297588,0.49728875494268465,-0.4773657714025136
75%,0.12784218788146973,0.005323171615600586,0.43074840309714657,0.5105021615321222,-0.4541304866869512
max,0.13635587692260742,0.005423784255981445,0.4708724259802556,0.5450046953480604,-0.43914824780836825
