,fit_time,score_time,test_adj_rSquared,test_rSquared,test_mae
count,5.0,5.0,5.0,5.0,5.0
mean,0.17954592704772948,0.004715156555175781,0.46480067006286774,0.4785590075933852,-0.4763674479603803
std,0.005879482279279593,0.00011437265028855114,0.0762036451288922,0.07424468252917774,0.026539174843807235
min,0.17062139511108398,0.0045833587646484375,0.33492226843474515,0.35201938235673114,-0.5128220912229589
25%,0.17678618431091309,0.004621028900146484,0.4651451250878018,0.47889460773335957,-0.49116627892225734
50%,0.18162274360656738,0.004746437072753906,0.49440388625762555,0.507401215659743,-0.4751808488149531
75%,0.18382763862609863,0.004756927490234375,0.49911294586074495,0.5119892197460728,-0.45403685935293303
max,0.18487167358398438,0.004868030548095703,0.5304191246734212,0.5424906124710196,-0.44863116148879895
