,fit_time,score_time,test_adj_rSquared,test_rSquared,test_mae
count,5.0,5.0,5.0,5.0,5.0
mean,0.17994818687438965,0.005005693435668946,0.4198910611962151,0.4348038873865437,-0.5072016395208532
std,0.007294215209920562,0.00014240761887328364,0.052643152952257244,0.05128985853189076,0.02205937108941791
min,0.17012262344360352,0.004784584045410156,0.32750391286898495,0.3447917300188824,-0.5337323522425977
25%,0.17488455772399902,0.004987955093383789,0.4290401165643277,0.44371774852925494,-0.5261085532599399
50%,0.1816713809967041,0.0050029754638671875,0.4375410399066839,0.4520001391378745,-0.5026409529832337
75%,0.18582439422607422,0.005089521408081055,0.45132612843358466,0.4654308552090709,-0.49056128332427906
max,0.18723797798156738,0.005163431167602539,0.4540441082074942,0.4680789640376357,-0.48296505579421595
