,fit_time,score_time,test_adj_rSquared,test_rSquared,test_mae
count,5.0,5.0,5.0,5.0,5.0
mean,0.12389039993286133,0.0052512168884277345,0.4015126756496719,0.48536244217176155,-0.47267984413856157
std,0.003151432705563497,7.843887914197487e-05,0.06262981967217074,0.05385520483378177,0.02716059248512445
min,0.12071847915649414,0.005132198333740234,0.303399833857793,0.40099548695483744,-0.5093627788118346
25%,0.12153244018554688,0.0052449703216552734,0.3871605757834057,0.4730211120811034,-0.4833919359831401
50%,0.12272500991821289,0.005249500274658203,0.4153821395297588,0.49728875494268465,-0.4773657714025136
75%,0.1268296241760254,0.005280494689941406,0.43074840309714657,0.5105021615321222,-0.4541304866869512
max,0.12764644622802734,0.005348920822143555,0.4708724259802556,0.5450046953480604,-0.43914824780836825
