,fit_time,score_time,test_adj_rSquared,test_rSquared,test_mae
count,5.0,5.0,5.0,5.0,5.0
mean,0.07718133926391602,0.0046802997589111325,0.4147967760765763,0.42984056075327093,-0.5058652367411998
std,0.025109168924647374,0.00402803371459335,0.056457021157522914,0.05500568385270229,0.026598445882809782
min,0.05577230453491211,0.002775430679321289,0.3153107180035507,0.3329119848929195,-0.5419722060402464
25%,0.05829954147338867,0.002778291702270508,0.4266435408568531,0.44138278145179255,-0.5230831322354839
50%,0.0714724063873291,0.0028688907623291016,0.43544798172464927,0.44996088707877135,-0.49892472114128167
75%,0.08262515068054199,0.0030968189239501953,0.4437309335302124,0.4580309095320064,-0.48994683195346256
max,0.1177372932434082,0.01188206672668457,0.45285070626761603,0.4669162408108649,-0.4753992923355245
