,fit_time,score_time,test_adj_rSquared,test_rSquared,test_mae
count,5.0,5.0,5.0,5.0,5.0
mean,0.15329861640930176,0.004357433319091797,0.46472097749731917,0.4784813636799073,-0.50895029457072
std,0.055623388298856664,0.0012250963775222797,0.07079105349289938,0.06897123206634671,0.029392484587702723
min,0.12164664268493652,0.003747224807739258,0.3769562194959265,0.3929727691232805,-0.5560242781910387
25%,0.13033652305603027,0.003816843032836914,0.4501851913737578,0.46431924815078196,-0.5164025062894587
50%,0.13048315048217773,0.003830432891845703,0.45164172822089044,0.4657383418913045,-0.4999734041695143
75%,0.13148021697998047,0.003844738006591797,0.47091215543260134,0.4845133853700666,-0.4919299038324799
max,0.2525465488433838,0.0065479278564453125,0.5739095929634196,0.5848630738641029,-0.48042138037110843
